账期,账单大类,业务大类,业务小类,订单号,子订单号,下单时间,确认收货时间,商品ID,sku,商品名称,数量,单价（元）,订单实际金额（元）,退款单号,退款金额（元）,收/付渠道,业务流水号,商户订单号,打款时间,打款更新时间,备注
20260329	,货款收入	,交易货款	,五金/工具	,4502169505079009200	,4502169505079009200	,2026-03-19 12:40:56	,2026-03-29 16:03:36	,965517205874	,6016029152234|颜色分类#3B310N 5.0A/20V 【俩电标配】[YPEX-DBS/5.0CGB-TQ]	,天旗防爆电动扳手套筒无刷大扭力轮胎汽修防爆冲击扳手	,10	,1099	,7850	,	,0	,支付宝	,2026031923001114311421094043	,T200P4502169505079009200	,2026-03-29 16:03:36	,2026-03-29 16:03:36	,	
20260316	,货款收入	,交易货款	,五金/工具	,4502095272088016437	,4502095272088016437	,2026-03-06 13:37:20	,2026-03-16 14:44:52	,940688973701	,6181653378538|颜色分类#3B4.0A/20V【俩电标配】[EXDZ-20V/4.0JMB-TQ]	,天旗防爆角磨机磨光机手砂轮无刷锂电切割抛光机电动多功能打磨机	,1	,999	,849	,	,0	,支付宝	,2026030622001163681457729365	,T200P4502095272088016437	,2026-03-16 14:44:52	,2026-03-16 14:44:52	,	
20260328	,货款收入	,交易货款	,五金/工具	,2701782230044008152	,2701782230044008152	,2026-03-25 21:13:36	,2026-03-28 21:02:03	,965517205874	,6042710468094|颜色分类#3B310N.M 5.0A/20V 【俩电标配+22*60防爆套筒】[YPEX-DBS/5.0CGB-TQ]	,天旗防爆电动扳手套筒无刷大扭力轮胎汽修防爆冲击扳手	,1	,1279	,859	,	,0	,聚合结算账户渠道	,4308202285202603257925344786	,	,2026-03-28 21:02:03	,2026-03-28 21:02:03	,	
20260308	,货款收入	,交易货款	,五金/工具	,5083696946197907036	,5083696946197907036	,2026-02-25 18:40:08	,2026-03-08 14:23:02	,965517205874	,6016029152235|颜色分类#3B310N 4.0A/20V 【俩电标配+22*43防爆套筒】[YPEX-DBS/4.0CGB-TQ]	,天旗防爆电动扳手套筒无刷大扭力轮胎汽修防爆冲击扳手	,1	,1099	,829	,	,0	,支付宝	,2026022523001141521408504637	,T200P5083696946197907036	,2026-03-08 14:23:02	,2026-03-08 14:23:02	,	
20260328	,货款收入	,交易货款	,五金/工具	,4502164358029026449	,4502164358029026449	,2026-03-17 06:48:05	,2026-03-28 09:22:45	,965517205874	,6016029152228|颜色分类#3B310N 5.0A/20V【俩电标配+22*42防爆套筒】[YPEX-DBS/5.0CGB-TQ]	,天旗防爆电动扳手套筒无刷大扭力轮胎汽修防爆冲击扳手	,2	,1159	,1668	,	,0	,支付宝	,2026031723001147821406340844	,T200P4502164358029026449	,2026-03-28 09:22:45	,2026-03-28 09:22:45	,	
20260326	,货款收入	,交易货款	,五金/工具	,2701719661059130377	,2701719661059130377	,2026-03-13 09:16:06	,2026-03-26 09:47:15	,965517205874	,6016029152233|颜色分类#3B310N 4.0A/20V 【俩电标配】[YPEX-DBS/4.0CGB-TQ]	,天旗防爆电动扳手套筒无刷大扭力轮胎汽修防爆冲击扳手	,2	,999	,1560	,	,0	,支付宝	,2026031322001199231421198851	,T200P2701719661059130377	,2026-03-26 09:47:15	,2026-03-26 09:47:15	,	
20260324	,货款收入	,交易货款	,五金/工具	,2701717681047005052	,2701717681047005052	,2026-03-12 20:29:37	,2026-03-24 08:39:49	,965517205874	,6016029152228|颜色分类#3B310N 5.0A/20V【俩电标配+22*42防爆套筒】[YPEX-DBS/5.0CGB-TQ]	,天旗防爆电动扳手套筒无刷大扭力轮胎汽修防爆冲击扳手	,1	,1199	,849	,	,0	,支付宝	,2026031223001142831408371797	,T200P2701717681047005052	,2026-03-24 08:39:49	,2026-03-24 08:39:49	,	
20260328	,货款收入	,交易货款	,五金/工具	,4502143656016003014	,4502143656016003014	,2026-03-16 13:55:11	,2026-03-28 09:06:17	,937006851899	,6182111287816|颜色分类#3B900N 7.5A/21V【俩电标配+22*60防爆套筒】[YPEX-DBS/90CGB-TQ]	,天旗防爆电动扳手化工厂石油套筒无刷大扭力轮胎汽修防爆电动工具	,2	,2999	,5298	,	,0	,支付宝	,2026031623001134561435040176	,T200P4502143656016003014	,2026-03-28 09:06:17	,2026-03-28 09:06:17	,	
20260321	,货款收入	,交易货款	,五金/工具	,4502119609143009841	,4502119609143009841	,2026-03-11 12:10:13	,2026-03-21 16:02:38	,941174116084	,6181515206318|颜色分类#3B2.0A/20V 无冲击【一电标配】[EXDZ-20V/TCA-TQ]	,天旗防爆手电钻工业手持无刷锂电化工厂冲击钻防爆电动工具	,1	,999	,819	,	,0	,支付宝	,2026031122001198721426402745	,T200P4502119609143009841	,2026-03-21 16:02:38	,2026-03-21 16:02:38	,	
20260314	,货款收入	,交易货款	,五金/工具	,4502128286055018649	,4502128286055018649	,2026-03-12 11:40:53	,2026-03-14 16:31:47	,965517205874	,6016029152228|颜色分类#3B310N 5.0A/20V【俩电标配+22*42防爆套筒】[YPEX-DBS/5.0CGB-TQ]	,天旗防爆电动扳手套筒无刷大扭力轮胎汽修防爆冲击扳手	,1	,1199	,849	,	,0	,聚合结算账户渠道	,4332002240202603121151665546	,	,2026-03-14 16:31:47	,2026-03-14 16:31:47	,	
20260320	,货款收入	,交易货款	,五金/工具	,4502129006056034338	,4502129006056034338	,2026-03-12 13:37:58	,2026-03-20 21:26:26	,965517205874	,6016029152228|颜色分类#3B310N 5.0A/20V【俩电标配+22*42防爆套筒】[YPEX-DBS/5.0CGB-TQ]	,天旗防爆电动扳手套筒无刷大扭力轮胎汽修防爆冲击扳手	,1	,1199	,849	,	,0	,聚合结算账户渠道	,4328202583202603121249241140	,	,2026-03-20 21:26:26	,2026-03-20 21:26:26	,	
20260307	,货款收入	,交易货款	,五金/工具	,4502059848005031616	,4502059848005031616	,2026-02-24 17:28:46	,2026-03-07 11:51:14	,969718512269	,6015750557573|颜色分类#3B防爆相机基础款[EXSY-2000-P1-TQ]	,天旗 防爆数码相机工业4K高清防抖录像摄影连拍高像素防爆照相机	,1	,999	,799	,	,0	,支付宝	,2026022423001144031455009359	,T200P4502059848005031616	,2026-03-07 11:51:14	,2026-03-07 11:51:14	,	
20260313	,货款收入	,交易货款	,五金/工具	,5096781759578031429	,5096781759578031429	,2026-03-05 14:07:41	,2026-03-13 09:09:15	,937006851899	,6182111287813|颜色分类#3B310N 4.0A/20V【俩电标配+22*42防爆套筒】[YPEX-DBS/4.0CGB-TQ]	,天旗防爆电动扳手化工厂石油套筒无刷大扭力轮胎汽修防爆电动工具	,2	,1099	,1618	,	,0	,支付宝	,2026030522001156311427329395	,T200P5096781759578031429	,2026-03-13 09:09:14	,2026-03-13 09:09:14	,	
20260328	,货款收入	,交易货款	,五金/工具	,4502158668008002244	,4502158668008002244	,2026-03-16 16:09:04	,2026-03-28 09:07:48	,969718512269	,6015750557573|颜色分类#3B防爆相机基础款[EXSY-2000-P1-TQ]	,天旗 防爆数码相机工业4K高清防抖录像摄影连拍高像素防爆照相机	,4	,999	,3196	,	,0	,支付宝	,2026031622001184071449613888	,T200P4502158668008002244	,2026-03-28 09:07:48	,2026-03-28 09:07:48	,	
20260330	,货款收入	,交易货款	,五金/工具	,2701775571010018085	,2701775571010018085	,2026-03-20 09:51:34	,2026-03-30 10:23:28	,941179280898	,6017078385833|颜色分类#3B4.0A/20V【俩电标配】[EXDC-20V/4.0TJB-TQ]	,天旗防爆电锤工业多功能混凝土大功率冲击钻防爆电动工具	,1	,1099	,949	,	,0	,支付宝	,2026032023001114071417118420	,T200P2701775571010018085	,2026-03-30 10:23:27	,2026-03-30 10:23:27	,	
20260326	,货款收入	,交易货款	,五金/工具	,4502125908024056939	,4502125908024056939	,2026-03-15 09:36:38	,2026-03-26 21:39:58	,941174116084	,6181515206318|颜色分类#3B2.0A/20V 无冲击【一电标配】[EXDZ-20V/TCA-TQ]	,天旗防爆手电钻工业手持无刷锂电化工厂冲击钻防爆电动工具	,1	,999	,819	,	,0	,支付宝	,2026031522001193881459528158	,T200P4502125908024056939	,2026-03-26 21:39:58	,2026-03-26 21:39:58	,	
20260323	,货款收入	,交易货款	,五金/工具	,4502117233211046846	,4502117233211046846	,2026-03-13 10:59:41	,2026-03-23 19:03:55	,941174116084	,6181515206320|颜色分类#3B2.0A/20V 无冲击【俩电标配】[EXDZ-20V/TCA-TQ]	,天旗防爆手电钻工业手持无刷锂电化工厂冲击钻防爆电动工具	,2	,1199	,2038	,	,0	,支付宝	,2026031322001192271407366449	,T200P4502117233211046846	,2026-03-23 19:03:54	,2026-03-23 19:03:54	,	
20260323	,货款收入	,交易货款	,五金/工具	,4502116224204010949	,4502116224204010949	,2026-03-13 10:35:53	,2026-03-23 14:03:31	,965517205874	,6016029152235|颜色分类#3B310N 4.0A/20V 【俩电标配+22*42防爆套筒】[YPEX-DBS/4.0CGB-TQ]	,天旗防爆电动扳手套筒无刷大扭力轮胎汽修防爆冲击扳手	,1	,1099	,829	,	,0	,聚合结算账户渠道	,4341402571202603137584579624	,	,2026-03-23 14:03:31	,2026-03-23 14:03:31	,	
20260319	,货款收入	,交易货款	,五金/工具	,3283430270617462091	,3283430270617462091	,2026-03-08 15:40:04	,2026-03-19 15:38:00	,941174116084	,6181515206319|颜色分类#3B2.0A/20V 有冲击【一电标配】[EXDZ-20V/TJA-TQ]	,天旗防爆手电钻工业手持无刷锂电化工厂冲击钻防爆电动工具	,1	,1099	,919	,	,0	,支付宝	,2026030823001118821453438702	,T200P3283430270617462091	,2026-03-19 15:37:59	,2026-03-19 15:37:59	,	
20260314	,货款收入	,交易货款	,五金/工具	,5095160787256743829	,5095160787256743829	,2026-03-04 11:48:29	,2026-03-14 14:27:01	,941174116084	,6181515206320|颜色分类#3B2.0A/20V 无冲击【俩电标配】[EXDZ-20V/TCA-TQ]	,天旗防爆手电钻工业手持无刷锂电化工厂冲击钻防爆电动工具	,1	,1199	,1019	,	,0	,支付宝	,2026030423001136661448888223	,T200P5095160787256743829	,2026-03-14 14:27:01	,2026-03-14 14:27:01	,	
20260331	,货款收入	,交易货款	,五金/工具	,2701790474023005761	,2701790474023005761	,2026-03-27 11:15:26	,2026-03-31 21:08:11	,965517205874	,6053965041801|颜色分类#3B310N.M 5.0A/20V 【俩电+22*60防爆套筒】[YPEX-DBS/5.0CGB-TQ]	,天旗防爆电动扳手套筒无刷大扭力轮胎汽修防爆冲击扳手	,1	,1200	,879	,	,0	,支付宝	,2026032723001113761449689952	,T200P2701790474023005761	,2026-03-31 21:08:11	,2026-03-31 21:08:11	,	
20260324	,货款收入	,交易货款	,五金/工具	,2701718871090005169	,2701718871090005169	,2026-03-13 20:55:20	,2026-03-24 18:43:00	,937006851899	,6182111287816|颜色分类#3B900N 7.5A/21V【俩电标配+22*60防爆套筒】[YPEX-DBS/90CGB-TQ]	,天旗防爆电动扳手化工厂石油套筒无刷大扭力轮胎汽修防爆电动工具	,1	,2999	,2649	,	,0	,聚合结算账户渠道	,4300602287202603135715930426	,	,2026-03-24 18:42:59	,2026-03-24 18:42:59	,	
20260323	,货款收入	,交易货款	,五金/工具	,3289558622729576080	,3289558622729576080	,2026-03-11 18:32:36	,2026-03-23 09:42:32	,965517205874	,6016029152228|颜色分类#3B310N 5.0A/20V【俩电标配+22*42防爆套筒】[YPEX-DBS/5.0CGB-TQ]	,天旗防爆电动扳手套筒无刷大扭力轮胎汽修防爆冲击扳手	,2	,1199	,1698	,	,0	,支付宝	,2026031123001103121409607112	,T200P3289558622729576080	,2026-03-23 09:42:31	,2026-03-23 09:42:31	,	
20260319	,货款收入	,交易货款	,五金/工具	,3284350716258503260	,3284350716258503260	,2026-03-08 18:15:33	,2026-03-19 16:15:53	,965517205874	,6016029152235|颜色分类#3B310N 4.0A/20V 【俩电标配+22*42防爆套筒】[YPEX-DBS/4.0CGB-TQ]	,天旗防爆电动扳手套筒无刷大扭力轮胎汽修防爆冲击扳手	,1	,1099	,829	,	,0	,支付宝	,2026030822001153361449805411	,T200P3284350716258503260	,2026-03-19 16:15:52	,2026-03-19 16:15:52	,	
20260319	,货款收入	,交易货款	,五金/工具	,4502119357034019337	,4502119357034019337	,2026-03-07 18:15:35	,2026-03-19 15:11:25	,952130258399	,6037995923868|颜色分类#3B无线防爆吸尘器	,天旗工业防爆吸尘器工厂车间粉尘大功率铁屑干湿多用吸尘机	,1	,1099	,869	,	,0	,支付宝	,2026030722001199001410704969	,T200P4502119357034019337	,2026-03-19 15:11:25	,2026-03-19 15:11:25	,	
20260320	,货款收入	,交易货款	,其他	,3287130996821251684	,3287130996821251684	,2026-03-10 09:43:26	,2026-03-20 10:23:48	,884576851638	,	,补差价链接【与客服沟通拍下，单排不发货】	,2	,25	,50	,	,0	,支付宝	,2026031023001140951450435909	,T200P3287130996821251684	,2026-03-20 10:23:48	,2026-03-20 10:23:48	,	
20260319	,货款收入	,交易货款	,五金/工具	,3283293542829652353	,3283293542829652353	,2026-03-08 14:36:11	,2026-03-19 15:01:01	,965517205874	,6016029152234|颜色分类#3B310N 5.0A/20V 【俩电标配】[YPEX-DBS/5.0CGB-TQ]	,天旗防爆电动扳手套筒无刷大扭力轮胎汽修防爆冲击扳手	,10	,1099	,7990	,	,0	,支付宝	,2026030822001178851437437374	,T200P3283293542829652353	,2026-03-19 15:01:01	,2026-03-19 15:01:01	,	
20260312	,货款收入	,交易货款	,五金/工具	,5090271987613856621	,5090271987613856621	,2026-03-01 14:33:59	,2026-03-12 15:24:20	,941174116084	,6181515206320|颜色分类#3B2.0A/20V 无冲击【俩电标配】[EXDZ-20V/TCA-TQ]	,天旗防爆手电钻工业手持无刷锂电化工厂冲击钻防爆电动工具	,1	,1199	,1019	,	,0	,支付宝	,2026030122001188031421570600	,T200P5090271987613856621	,2026-03-12 15:24:19	,2026-03-12 15:24:19	,	
20260312	,货款收入	,交易货款	,五金/工具	,3283438261599763073	,3283438261599763073	,2026-03-08 12:48:11	,2026-03-12 18:15:50	,965517205874	,6016029152234|颜色分类#3B310N 5.0A/20V 【俩电标配】[YPEX-DBS/5.0CGB-TQ]	,天旗防爆电动扳手套筒无刷大扭力轮胎汽修防爆冲击扳手	,3	,1099	,2397	,	,0	,聚合结算账户渠道	,4340402467202603088283494316	,	,2026-03-12 18:15:50	,2026-03-12 18:15:50	,	
20260319	,货款收入	,交易货款	,五金/工具	,3284993139088400164	,3284993139088400164	,2026-03-09 11:53:06	,2026-03-19 16:38:13	,965517205874	,6016029152228|颜色分类#3B310N 5.0A/20V【俩电标配+22*42防爆套筒】[YPEX-DBS/5.0CGB-TQ]	,天旗防爆电动扳手套筒无刷大扭力轮胎汽修防爆冲击扳手	,1	,1199	,849	,	,0	,支付宝	,2026030922001188891438851522	,T200P3284993139088400164	,2026-03-19 16:38:12	,2026-03-19 16:38:12	,	
20260315	,货款收入	,交易货款	,五金/工具	,5096732762490209633	,5096732762490209633	,2026-03-05 11:49:21	,2026-03-15 16:33:40	,965517205874	,6016029152234|颜色分类#3B310N 5.0A/20V 【俩电标配】[YPEX-DBS/5.0CGB-TQ]	,天旗防爆电动扳手套筒无刷大扭力轮胎汽修防爆冲击扳手	,1	,1099	,799	,	,0	,聚合结算账户渠道	,4306802463202603055100465992	,	,2026-03-15 16:33:39	,2026-03-15 16:33:39	,	
20260307	,货款收入	,交易货款	,五金/工具	,5096127205966972920	,5096127205966972920	,2026-03-04 16:44:39	,2026-03-07 19:27:05	,969718512269	,6015750557573|颜色分类#3B防爆相机基础款[EXSY-2000-P1-TQ]	,天旗 防爆数码相机工业4K高清防抖录像摄影连拍高像素防爆照相机	,1	,999	,799	,	,0	,聚合结算账户渠道	,4315502478202603042533903911	,	,2026-03-07 19:27:05	,2026-03-07 19:27:05	,	
20260327	,货款收入	,交易货款	,其他	,4502137286051013337	,4502137286051013337	,2026-03-15 21:57:12	,2026-03-27 14:07:22	,884576851638	,	,补差价链接【与客服沟通拍下，单排不发货】	,1	,95	,75	,	,0	,支付宝	,2026031522001185191445951324	,T200P4502137286051013337	,2026-03-27 14:07:22	,2026-03-27 14:07:22	,	
20260328	,货款收入	,交易货款	,五金/工具	,4502171990032010306	,4502171990032010306	,2026-03-18 10:15:52	,2026-03-28 11:43:44	,969718512269	,6015750557573|颜色分类#3B防爆相机基础款[EXSY-2000-P1-TQ]	,天旗 防爆数码相机工业4K高清防抖录像摄影连拍高像素防爆照相机	,1	,999	,799	,	,0	,支付宝	,2026031822001175431438098460	,T200P4502171990032010306	,2026-03-28 11:43:44	,2026-03-28 11:43:44	,	
20260313	,货款收入	,交易货款	,五金/工具	,5098309309746806948	,5098309309746806948	,2026-03-06 11:23:14	,2026-03-13 20:43:12	,941174116084	,6181515206318|颜色分类#3B2.0A/20V 无冲击【一电标配】[EXDZ-20V/TCA-TQ]	,天旗防爆手电钻工业手持无刷锂电化工厂冲击钻防爆电动工具	,2	,999	,1638	,	,0	,支付宝	,2026030623001143631412093360	,T200P5098309309746806948	,2026-03-13 20:43:12	,2026-03-13 20:43:12	,	
20260310	,货款收入	,交易货款	,其他	,3265728600233784358	,3265728600233784358	,2026-02-27 17:50:38	,2026-03-10 16:20:01	,884576851638	,	,补差价链接【与客服沟通拍下，单排不发货】	,1	,380	,380	,	,0	,支付宝	,2026022723001141911455303493	,T200P3265728600233784358	,2026-03-10 16:20:00	,2026-03-10 16:20:00	,	
20260328	,货款收入	,交易货款	,五金/工具	,5095969599932576938	,5095969599932576938	,2026-03-04 20:15:56	,2026-03-28 11:54:59	,965517205874	,6016029152228|颜色分类#3B310N 5.0A/20V【俩电标配+22*42防爆套筒】[YPEX-DBS/5.0CGB-TQ]	,天旗防爆电动扳手套筒无刷大扭力轮胎汽修防爆冲击扳手	,1	,1199	,849	,	,0	,支付宝	,2026030422001195291421642593	,T200P5095969599932576938	,2026-03-28 11:54:59	,2026-03-28 11:54:59	,	
20260309	,货款收入	,交易货款	,五金/工具	,4502101032030022825	,4502101032030022825	,2026-03-05 13:17:51	,2026-03-09 18:23:59	,965517205874	,6016029152233|颜色分类#3B310N 4.0A/20V 【俩电标配】[YPEX-DBS/4.0CGB-TQ]	,天旗防爆电动扳手套筒无刷大扭力轮胎汽修防爆冲击扳手	,1	,999	,770	,	,0	,聚合结算账户渠道	,4318802235202603055975731692	,	,2026-03-09 18:23:59	,2026-03-09 18:23:59	,	
20260309	,货款收入	,交易货款	,五金/工具	,5096691254483255428	,5096691254483255428	,2026-03-05 11:27:18	,2026-03-09 14:14:38	,937006851899	,6182111287816|颜色分类#3B900N 7.5A/21V【俩电标配+22*60防爆套筒】[YPEX-DBS/90CGB-TQ]	,天旗防爆电动扳手化工厂石油套筒无刷大扭力轮胎汽修防爆电动工具	,1	,2999	,2659	,	,0	,支付宝	,2026030523001115841430768867	,T200P5096691254483255428	,2026-03-09 14:14:37	,2026-03-09 14:14:37	,	
20260319	,货款收入	,交易货款	,五金/工具	,4502123173059009200	,4502123173059009200	,2026-03-08 14:38:14	,2026-03-19 15:00:53	,965517205874	,6016029152234|颜色分类#3B310N 5.0A/20V 【俩电标配】[YPEX-DBS/5.0CGB-TQ]	,天旗防爆电动扳手套筒无刷大扭力轮胎汽修防爆冲击扳手	,10	,1099	,7990	,	,0	,支付宝	,2026030823001114311433996648	,T200P4502123173059009200	,2026-03-19 15:00:53	,2026-03-19 15:00:53	,	
20260316	,货款收入	,交易货款	,五金/工具	,4502110287177054701	,4502110287177054701	,2026-03-12 12:05:30	,2026-03-16 13:05:56	,965517205874	,6016029152235|颜色分类#3B310N 4.0A/20V 【俩电标配+22*42防爆套筒】[YPEX-DBS/4.0CGB-TQ]	,天旗防爆电动扳手套筒无刷大扭力轮胎汽修防爆冲击扳手	,1	,1099	,829	,	,0	,支付宝	,2026031223001148131412931459	,T200P4502110287177054701	,2026-03-16 13:05:55	,2026-03-16 13:05:55	,	
20260309	,货款收入	,交易货款	,五金/工具	,3265141226045784358	,3265141226045784358	,2026-02-27 17:49:02	,2026-03-09 19:01:11	,965517205874	,6016029152228|颜色分类#3B310N 5.0A/20V【俩电标配+22*42防爆套筒】[YPEX-DBS/5.0CGB-TQ]	,天旗防爆电动扳手套筒无刷大扭力轮胎汽修防爆冲击扳手	,15	,1199	,12735	,	,0	,支付宝	,2026022723001141911455873485	,T200P3265141226045784358	,2026-03-09 19:01:11	,2026-03-09 19:01:11	,	
20260328	,货款收入	,交易货款	,五金/工具	,2701751269022002994	,2701751269022002994	,2026-03-17 06:47:00	,2026-03-28 09:08:23	,965517205874	,6016029152228|颜色分类#3B310N 5.0A/20V【俩电标配+22*42防爆套筒】[YPEX-DBS/5.0CGB-TQ]	,天旗防爆电动扳手套筒无刷大扭力轮胎汽修防爆冲击扳手	,2	,1159	,1668	,	,0	,支付宝	,2026031722001165701414790537	,T200P2701751269022002994	,2026-03-28 09:08:23	,2026-03-28 09:08:23	,	
20260330	,货款收入	,交易货款	,五金/工具	,3267723901565604371	,3267723901565604371	,2026-02-28 18:30:05	,2026-03-30 16:05:06	,965517205874	,6016029152228|颜色分类#3B310N 5.0A/20V【俩电标配+22*42防爆套筒】[YPEX-DBS/5.0CGB-TQ]	,天旗防爆电动扳手套筒无刷大扭力轮胎汽修防爆冲击扳手	,1	,1199	,849	,	,0	,聚合结算账户渠道	,4340102277202602286420202665	,	,2026-03-30 16:05:05	,2026-03-30 16:05:05	,	
20260319	,货款收入	,交易货款	,五金/工具	,4502116370070039009	,4502116370070039009	,2026-03-08 18:05:53	,2026-03-19 15:50:02	,965517205874	,6016029152235|颜色分类#3B310N 4.0A/20V 【俩电标配+22*42防爆套筒】[YPEX-DBS/4.0CGB-TQ]	,天旗防爆电动扳手套筒无刷大扭力轮胎汽修防爆冲击扳手	,2	,1099	,1658	,	,0	,支付宝	,2026030823001137031456794403	,T200P4502116370070039009	,2026-03-19 15:50:02	,2026-03-19 15:50:02	,	
20260326	,货款收入	,交易货款	,五金/工具	,4502125080031202514	,4502125080031202514	,2026-03-15 09:00:10	,2026-03-26 21:39:57	,937006851899	,6182111287814|颜色分类#3B310N 5.0A/20V【俩电标配+22*42防爆套筒】[YPEX-DBS/5.0CGB-TQ]	,天旗防爆电动扳手化工厂石油套筒无刷大扭力轮胎汽修防爆电动工具	,1	,1199	,829	,	,0	,支付宝	,2026031522001193881459466369	,T200P4502125080031202514	,2026-03-26 21:39:57	,2026-03-26 21:39:57	,	
20260319	,货款收入	,交易货款	,五金/工具	,3283064151199956871	,3283064151199956871	,2026-03-08 13:17:41	,2026-03-19 15:24:20	,965517205874	,6016029152228|颜色分类#3B310N 5.0A/20V【俩电标配+22*42防爆套筒】[YPEX-DBS/5.0CGB-TQ]	,天旗防爆电动扳手套筒无刷大扭力轮胎汽修防爆冲击扳手	,1	,1199	,849	,	,0	,支付宝	,2026030822001172271447621537	,T200P3283064151199956871	,2026-03-19 15:24:19	,2026-03-19 15:24:19	,	
20260314	,货款收入	,交易货款	,其他	,5093404742735276332	,5093404742735276332	,2026-03-03 10:25:39	,2026-03-14 18:46:57	,884576851638	,	,补差价链接【与客服沟通拍下，单排不发货】	,1	,195	,195	,	,0	,支付宝	,2026030322001164951424752059	,T200P5093404742735276332	,2026-03-14 18:46:56	,2026-03-14 18:46:56	,	
20260321	,货款收入	,交易货款	,五金/工具	,3288984674853185777	,3288984674853185777	,2026-03-11 13:24:45	,2026-03-21 15:48:47	,965517205874	,6016029152228|颜色分类#3B310N 5.0A/20V【俩电标配+22*42防爆套筒】[YPEX-DBS/5.0CGB-TQ]	,天旗防爆电动扳手套筒无刷大扭力轮胎汽修防爆冲击扳手	,1	,1199	,849	,	,0	,聚合结算账户渠道	,4346902584202603111551790209	,	,2026-03-21 15:48:47	,2026-03-21 15:48:47	,	
20260310	,货款收入	,交易货款	,五金/工具	,5087266923986209633	,5087266923986209633	,2026-02-27 20:08:52	,2026-03-10 16:21:37	,965517205874	,6016029152228|颜色分类#3B310N 5.0A/20V【俩电标配+22*42防爆套筒】[YPEX-DBS/5.0CGB-TQ]	,天旗防爆电动扳手套筒无刷大扭力轮胎汽修防爆冲击扳手	,2	,1199	,1698	,	,0	,聚合结算账户渠道	,4325302473202602276955202625	,	,2026-03-10 16:21:37	,2026-03-10 16:21:37	,	
20260311	,货款收入	,交易货款	,五金/工具	,4502105535017015505	,4502105535017015505	,2026-03-09 20:30:21	,2026-03-11 20:21:52	,937006851899	,6182111287814|颜色分类#3B310N 5.0A/20V【俩电标配+22*42防爆套筒】[YPEX-DBS/5.0CGB-TQ]	,天旗防爆电动扳手化工厂石油套筒无刷大扭力轮胎汽修防爆电动工具	,3	,1199	,2487	,	,0	,支付宝	,2026030923001128431405106730	,T200P4502105535017015505	,2026-03-11 20:21:52	,2026-03-11 20:21:52	,	
20260317	,货款收入	,交易货款	,其他	,4502107299023002904	,4502107299023002904	,2026-03-07 09:09:37	,2026-03-17 10:07:07	,884576851638	,	,补差价链接【与客服沟通拍下，单排不发货】	,1	,25	,25	,	,0	,支付宝	,2026030722001195291431535991	,T200P4502107299023002904	,2026-03-17 10:07:07	,2026-03-17 10:07:07	,	
20260321	,货款收入	,交易货款	,五金/工具	,4502112806169008031	,4502112806169008031	,2026-03-11 09:34:56	,2026-03-21 10:17:03	,965517205874	,6016029152228|颜色分类#3B310N 5.0A/20V【俩电标配+22*42防爆套筒】[YPEX-DBS/5.0CGB-TQ]	,天旗防爆电动扳手套筒无刷大扭力轮胎汽修防爆冲击扳手	,2	,1199	,1698	,	,0	,支付宝	,2026031123001148611428386487	,T200P4502112806169008031	,2026-03-21 10:17:02	,2026-03-21 10:17:02	,	
20260308	,货款收入	,交易货款	,五金/工具	,5096554563047822328	,5096554563047822328	,2026-03-05 11:47:27	,2026-03-08 19:48:06	,965517205874	,6016029152228|颜色分类#3B310N 5.0A/20V【俩电标配+22*42防爆套筒】[YPEX-DBS/5.0CGB-TQ]	,天旗防爆电动扳手套筒无刷大扭力轮胎汽修防爆冲击扳手	,1	,1199	,849	,	,0	,聚合结算账户渠道	,4324402579202603050661940790	,	,2026-03-08 19:48:06	,2026-03-08 19:48:06	,	
20260305	,货款收入	,交易货款	,五金/工具	,3271173710994865687	,3271173710994865687	,2026-03-02 16:51:20	,2026-03-05 10:26:43	,969718512269	,6015750557573|颜色分类#3B防爆相机基础款[EXSY-2000-P1-TQ]	,天旗 防爆数码相机工业4K高清防抖录像摄影连拍高像素防爆照相机	,1	,999	,799	,	,0	,支付宝	,2026030222001170161431368665	,T200P3271173710994865687	,2026-03-05 10:26:42	,2026-03-05 10:26:42	,	
20260319	,货款收入	,交易货款	,五金/工具	,3285591780838400164	,3285591780838400164	,2026-03-09 12:05:06	,2026-03-19 16:38:13	,965517205874	,6016029152234|颜色分类#3B310N 5.0A/20V 【俩电标配】[YPEX-DBS/5.0CGB-TQ]	,天旗防爆电动扳手套筒无刷大扭力轮胎汽修防爆冲击扳手	,1	,1099	,799	,	,0	,支付宝	,2026030922001188891438709580	,T200P3285591780838400164	,2026-03-19 16:38:12	,2026-03-19 16:38:12	,	
20260315	,货款收入	,交易货款	,其他	,5096750906275209633	,5096750906275209633	,2026-03-05 11:59:30	,2026-03-15 16:33:41	,884576851638	,	,补差价链接【与客服沟通拍下，单排不发货】	,1	,25	,25	,	,0	,聚合结算账户渠道	,4349602272202603056643558481	,	,2026-03-15 16:33:40	,2026-03-15 16:33:40	,	
20260322	,货款收入	,交易货款	,五金/工具	,2701714405037098964	,2701714405037098964	,2026-03-12 07:54:25	,2026-03-22 10:45:45	,965517205874	,6016029152228|颜色分类#3B310N 5.0A/20V【俩电标配+22*42防爆套筒】[YPEX-DBS/5.0CGB-TQ]	,天旗防爆电动扳手套筒无刷大扭力轮胎汽修防爆冲击扳手	,1	,1199	,849	,	,0	,支付宝	,2026031223001141831408621309	,T200P2701714405037098964	,2026-03-22 10:45:44	,2026-03-22 10:45:44	,	
20260326	,货款收入	,交易货款	,五金/工具	,4502129220020010930	,4502129220020010930	,2026-03-15 09:24:13	,2026-03-26 21:39:56	,937006851899	,6182111287814|颜色分类#3B310N 5.0A/20V【俩电标配+22*42防爆套筒】[YPEX-DBS/5.0CGB-TQ]	,天旗防爆电动扳手化工厂石油套筒无刷大扭力轮胎汽修防爆电动工具	,1	,1199	,829	,	,0	,支付宝	,2026031522001193881459446102	,T200P4502129220020010930	,2026-03-26 21:39:56	,2026-03-26 21:39:56	,	
20260311	,货款收入	,交易货款	,其他	,4502113454019006323	,4502113454019006323	,2026-03-09 20:31:08	,2026-03-11 20:22:00	,884576851638	,	,补差价链接【与客服沟通拍下，单排不发货】	,3	,25	,75	,	,0	,支付宝	,2026030923001128431405035733	,T200P4502113454019006323	,2026-03-11 20:22:00	,2026-03-11 20:22:00	,	
20260322	,货款收入	,交易货款	,五金/工具	,4502121339038006618	,4502121339038006618	,2026-03-11 22:41:36	,2026-03-22 10:48:04	,969718512269	,6015750557573|颜色分类#3B防爆相机基础款[EXSY-2000-P1-TQ]	,天旗 防爆数码相机工业4K高清防抖录像摄影连拍高像素防爆照相机	,1	,999	,799	,	,0	,支付宝	,2026031122001163841403562293	,T200P4502121339038006618	,2026-03-22 10:48:04	,2026-03-22 10:48:04	,	
20260323	,货款收入	,交易货款	,五金/工具	,3289334486465953578	,3289334486465953578	,2026-03-11 16:48:13	,2026-03-23 09:41:23	,941174116084	,6181515206319|颜色分类#3B2.0A/20V 有冲击【一电标配】[EXDZ-20V/TJA-TQ]	,天旗防爆手电钻工业手持无刷锂电化工厂冲击钻防爆电动工具	,1	,1099	,919	,	,0	,支付宝	,2026031123001106961416271592	,T200P3289334486465953578	,2026-03-23 09:41:23	,2026-03-23 09:41:23	,	
20260323	,货款收入	,交易货款	,五金/工具	,4502123210215037123	,4502123210215037123	,2026-03-13 16:43:23	,2026-03-23 19:05:07	,941179280898	,6017078385833|颜色分类#3B4.0A/20V【俩电标配】[EXDC-20V/4.0TJB-TQ]	,天旗防爆电锤工业多功能混凝土大功率冲击钻防爆电动工具	,1	,1099	,949	,	,0	,聚合结算账户渠道	,4350602292202603130497478330	,	,2026-03-23 19:05:06	,2026-03-23 19:05:06	,	
20260316	,货款收入	,交易货款	,五金/工具	,3277600716993621457	,3277600716995621457	,2026-03-05 17:10:58	,2026-03-16 14:28:38	,965517205874	,6016029152234|颜色分类#3B310N 5.0A/20V 【俩电标配】[YPEX-DBS/5.0CGB-TQ]	,天旗防爆电动扳手套筒无刷大扭力轮胎汽修防爆冲击扳手	,1	,1099	,799	,	,0	,支付宝	,2026030522001198221439918186	,T200P3277600716993621457	,2026-03-16 14:28:38	,2026-03-16 14:28:38	,	
20260316	,货款收入	,交易货款	,五金/工具	,3277600716993621457	,3277600716994621457	,2026-03-05 17:10:58	,2026-03-16 14:28:38	,940688973701	,6181653378539|颜色分类#3B5.0A/20V【俩电标配】[EXDZ-20V/5.0JMB-TQ]	,天旗防爆角磨机磨光机手砂轮无刷锂电切割抛光机电动多功能打磨机	,1	,1099	,879	,	,0	,支付宝	,2026030522001198221439918186	,T200P3277600716993621457	,2026-03-16 14:28:38	,2026-03-16 14:28:38	,	
20260317	,货款收入	,交易货款	,五金/工具	,3285316671575533468	,3285316671575533468	,2026-03-09 14:28:38	,2026-03-17 08:54:57	,937006851899	,6182111287813|颜色分类#3B310N 4.0A/20V【俩电标配+22*42防爆套筒】[YPEX-DBS/4.0CGB-TQ]	,天旗防爆电动扳手化工厂石油套筒无刷大扭力轮胎汽修防爆电动工具	,1	,1099	,809	,	,0	,支付宝	,2026030923001110841454591425	,T200P3285316671575533468	,2026-03-17 08:54:57	,2026-03-17 08:54:57	,	
20260314	,货款收入	,交易货款	,五金/工具	,5095568377102240137	,5095568377102240137	,2026-03-04 11:22:40	,2026-03-14 14:35:35	,941179280898	,6017078385833|颜色分类#3B4.0A/20V【俩电标配】[EXDC-20V/4.0TJB-TQ]	,天旗防爆电锤工业多功能混凝土大功率冲击钻防爆电动工具	,1	,1099	,949	,	,0	,支付宝	,2026030423001129601404025556	,T200P5095568377102240137	,2026-03-14 14:35:34	,2026-03-14 14:35:34	,	
20260313	,货款收入	,交易货款	,五金/工具	,5093618652448276332	,5093618652448276332	,2026-03-03 10:23:16	,2026-03-13 16:15:58	,965517205874	,6016029152228|颜色分类#3B310N 5.0A/20V【俩电标配+22*42防爆套筒】[YPEX-DBS/5.0CGB-TQ]	,天旗防爆电动扳手套筒无刷大扭力轮胎汽修防爆冲击扳手	,1	,1199	,849	,	,0	,支付宝	,2026030322001164951423524805	,T200P5093618652448276332	,2026-03-13 16:15:57	,2026-03-13 16:15:57	,	
20260315	,货款收入	,交易货款	,五金/工具	,4502078535086002102	,4502078535086002102	,2026-03-05 14:14:15	,2026-03-15 15:47:50	,941174116084	,6181515206318|颜色分类#3B2.0A/20V 无冲击【一电标配】[EXDZ-20V/TCA-TQ]	,天旗防爆手电钻工业手持无刷锂电化工厂冲击钻防爆电动工具	,1	,999	,819	,	,0	,支付宝	,2026030522001156021435674989	,T200P4502078535086002102	,2026-03-15 15:47:50	,2026-03-15 15:47:50	,	
20260317	,货款收入	,交易货款	,其他	,3280099010545704276	,3280099010545704276	,2026-03-07 09:16:20	,2026-03-17 18:53:14	,884576851638	,	,补差价链接【与客服沟通拍下，单排不发货】	,1	,240	,120	,	,0	,支付宝	,2026030722001197801446303595	,T200P3280099010545704276	,2026-03-17 18:53:14	,2026-03-17 18:53:14	,	
20260303	,货款收入	,交易货款	,五金/工具	,5084247782418456625	,5084247782418456625	,2026-02-26 07:44:15	,2026-03-03 22:18:39	,965517205874	,6016029152234|颜色分类#3B310N 5.0A/20V 【俩电标配】[YPEX-DBS/5.0CGB-TQ]	,天旗防爆电动扳手套筒无刷大扭力轮胎汽修防爆冲击扳手	,1	,1099	,799	,	,0	,支付宝	,2026022623001114851454400496	,T200P5084247782418456625	,2026-03-03 22:18:38	,2026-03-03 22:18:38	,	
20260326	,货款收入	,交易货款	,五金/工具	,2701723119036015390	,2701723119036015390	,2026-03-15 16:14:00	,2026-03-26 21:35:45	,965517205874	,6016029152228|颜色分类#3B310N 5.0A/20V【俩电标配+22*42防爆套筒】[YPEX-DBS/5.0CGB-TQ]	,天旗防爆电动扳手套筒无刷大扭力轮胎汽修防爆冲击扳手	,1	,1199	,849	,	,0	,支付宝	,2026031522001182261406039482	,T200P2701723119036015390	,2026-03-26 21:35:45	,2026-03-26 21:35:45	,	
20260316	,货款收入	,交易货款	,五金/工具	,3278454495855630297	,3278454495855630297	,2026-03-06 12:33:49	,2026-03-16 14:38:58	,969718512269	,6015750557573|颜色分类#3B防爆相机基础款[EXSY-2000-P1-TQ]	,天旗 防爆数码相机工业4K高清防抖录像摄影连拍高像素防爆照相机	,1	,999	,799	,	,0	,聚合结算账户渠道	,4308602468202603066529987899	,	,2026-03-16 14:38:57	,2026-03-16 14:38:57	,	
20260321	,货款收入	,交易货款	,五金/工具	,4502113203140001320	,4502113203140001320	,2026-03-11 10:23:04	,2026-03-21 15:59:13	,940688973701	,6181653378539|颜色分类#3B5.0A/20V【俩电标配】[EXDZ-20V/5.0JMB-TQ]	,天旗防爆角磨机磨光机手砂轮无刷锂电切割抛光机电动多功能打磨机	,4	,1099	,3546	,	,0	,支付宝	,2026031123001149531412296927	,T200P4502113203140001320	,2026-03-21 15:59:12	,2026-03-21 15:59:12	,	
20260320	,货款收入	,交易货款	,五金/工具	,2701743708034027880	,2701743708034027880	,2026-03-17 10:03:09	,2026-03-20 19:08:11	,965517205874	,6042710468094|颜色分类#3B310N 5.0A/20V 【俩电标配+22*60防爆套筒】[YPEX-DBS/5.0CGB-TQ]	,天旗防爆电动扳手套筒无刷大扭力轮胎汽修防爆冲击扳手	,1	,1279	,859	,	,0	,支付宝	,2026031722001191371436197570	,T200P2701743708034027880	,2026-03-20 19:08:11	,2026-03-20 19:08:11	,	
20260307	,货款收入	,交易货款	,五金/工具	,3270288468429266356	,3270288468429266356	,2026-03-01 21:09:50	,2026-03-07 09:21:36	,965517205874	,6016029152228|颜色分类#3B310N 5.0A/20V【俩电标配+22*42防爆套筒】[YPEX-DBS/5.0CGB-TQ]	,天旗防爆电动扳手套筒无刷大扭力轮胎汽修防爆冲击扳手	,1	,1199	,849	,	,0	,支付宝	,2026030122001177021417003369	,T200P3270288468429266356	,2026-03-07 09:21:35	,2026-03-07 09:21:35	,	
20260308	,货款收入	,交易货款	,五金/工具	,3261138672032247182	,3261138672032247182	,2026-02-25 13:09:07	,2026-03-08 11:24:49	,1017707814507	,6192729223082|颜色分类#3B防爆无线鼠标 2.4G	,天旗防爆无线鼠标高校机房办公专用鼠标手感舒适蓝牙连接实验室	,2	,249	,330	,	,0	,支付宝	,2026022522001186791425292297	,T200P3261138672032247182	,2026-03-08 11:24:49	,2026-03-08 11:24:49	,	
20260320	,货款收入	,交易货款	,五金/工具	,3285355695317837085	,3285355695317837085	,2026-03-09 14:52:18	,2026-03-20 10:42:48	,965517205874	,6016029152228|颜色分类#3B310N 5.0A/20V【俩电标配+22*42防爆套筒】[YPEX-DBS/5.0CGB-TQ]	,天旗防爆电动扳手套筒无刷大扭力轮胎汽修防爆冲击扳手	,1	,1199	,849	,	,0	,支付宝	,2026030922001169421447794926	,T200P3285355695317837085	,2026-03-20 10:42:47	,2026-03-20 10:42:47	,	
20260308	,货款收入	,交易货款	,五金/工具	,5083848721562094822	,5083848721562094822	,2026-02-25 17:30:28	,2026-03-08 15:14:56	,965517205874	,6016029152233|颜色分类#3B310N 4.0A/20V 【俩电标配】[YPEX-DBS/4.0CGB-TQ]	,天旗防爆电动扳手套筒无刷大扭力轮胎汽修防爆冲击扳手	,1	,999	,780	,	,0	,聚合结算账户渠道	,4338802267202602253717438885	,	,2026-03-08 15:14:56	,2026-03-08 15:14:56	,	
20260329	,货款收入	,交易货款	,五金/工具	,2701754400063014763	,2701754400063014763	,2026-03-19 12:45:43	,2026-03-29 16:03:42	,965517205874	,6016029152234|颜色分类#3B310N 5.0A/20V 【俩电标配】[YPEX-DBS/5.0CGB-TQ]	,天旗防爆电动扳手套筒无刷大扭力轮胎汽修防爆冲击扳手	,2	,1099	,1560	,	,0	,支付宝	,2026031922001178851440915678	,T200P2701754400063014763	,2026-03-29 16:03:42	,2026-03-29 16:03:42	,	
20260331	,货款收入	,交易货款	,五金/工具	,2701771320013124151	,2701771320013124151	,2026-03-20 13:53:00	,2026-03-31 21:59:44	,965517205874	,6016029152234|颜色分类#3B310N 5.0A/20V 【俩电标配】[YPEX-DBS/5.0CGB-TQ]	,天旗防爆电动扳手套筒无刷大扭力轮胎汽修防爆冲击扳手	,1	,1099	,1089	,	,0	,支付宝	,2026032023001133231457940604	,T200P2701771320013124151	,2026-03-31 21:59:43	,2026-03-31 21:59:43	,	
20260315	,货款收入	,交易货款	,五金/工具	,5096336618774694940	,5096336618774694940	,2026-03-04 23:25:52	,2026-03-15 15:46:44	,965517205874	,6016029152234|颜色分类#3B310N 5.0A/20V 【俩电标配】[YPEX-DBS/5.0CGB-TQ]	,天旗防爆电动扳手套筒无刷大扭力轮胎汽修防爆冲击扳手	,1	,1099	,799	,	,0	,聚合结算账户渠道	,4310402260202603048729778074	,	,2026-03-15 15:46:43	,2026-03-15 15:46:43	,	
20260327	,货款收入	,交易货款	,其他	,2701721208008175266	,2701721208008175266	,2026-03-14 19:16:22	,2026-03-27 14:08:01	,884576851638	,	,补差价链接【与客服沟通拍下，单排不发货】	,2	,95	,190	,	,0	,支付宝	,2026031423001103121427294514	,T200P2701721208008175266	,2026-03-27 14:08:00	,2026-03-27 14:08:00	,	
20260322	,货款收入	,交易货款	,五金/工具	,3288692352196148691	,3288692352196148691	,2026-03-10 23:11:14	,2026-03-22 08:57:22	,965517205874	,6016029152228|颜色分类#3B310N 5.0A/20V【俩电标配+22*42防爆套筒】[YPEX-DBS/5.0CGB-TQ]	,天旗防爆电动扳手套筒无刷大扭力轮胎汽修防爆冲击扳手	,1	,1199	,839	,	,0	,支付宝	,2026031022001177111417417821	,T200P3288692352196148691	,2026-03-22 08:57:22	,2026-03-22 08:57:22	,	
20260308	,货款收入	,交易货款	,五金/工具	,3276016680199704276	,3276016680199704276	,2026-03-04 19:50:46	,2026-03-08 18:13:18	,965517205874	,6016029152228|颜色分类#3B310N 5.0A/20V【俩电标配+22*42防爆套筒】[YPEX-DBS/5.0CGB-TQ]	,天旗防爆电动扳手套筒无刷大扭力轮胎汽修防爆冲击扳手	,1	,1199	,849	,	,0	,支付宝	,2026030422001197801437121737	,T200P3276016680199704276	,2026-03-08 18:13:18	,2026-03-08 18:13:18	,	
20260327	,货款收入	,交易货款	,其他	,2701713469072049384	,2701713469072049384	,2026-03-13 18:34:53	,2026-03-27 14:34:22	,884576851638	,	,补差价链接【与客服沟通拍下，单排不发货】	,1	,35	,35	,	,0	,聚合结算账户渠道	,4346502271202603132211787672	,	,2026-03-27 14:34:21	,2026-03-27 14:34:21	,	
20260331	,货款收入	,交易货款	,五金/工具	,2701772367192001178	,2701772367192001178	,2026-03-24 17:40:03	,2026-03-31 12:19:49	,941174116084	,6181515206321|颜色分类#3B2.0A/20V 有冲击【俩电套装】[EXDZ-20V/TJA-TQ]	,天旗防爆手电钻工业手持无刷锂电化工厂冲击钻防爆电动工具	,2	,1299	,2238	,	,0	,支付宝	,2026032423001107951419189601	,T200P2701772367192001178	,2026-03-31 12:19:48	,2026-03-31 12:19:48	,	
20260316	,货款收入	,交易货款	,五金/工具	,4502120437228023137	,4502120437228023137	,2026-03-13 16:21:18	,2026-03-16 09:41:18	,965517205874	,6016029152234|颜色分类#3B310N 5.0A/20V 【俩电标配】[YPEX-DBS/5.0CGB-TQ]	,天旗防爆电动扳手套筒无刷大扭力轮胎汽修防爆冲击扳手	,1	,1099	,799	,	,0	,聚合结算账户渠道	,4325602463202603133975457238	,	,2026-03-16 09:41:17	,2026-03-16 09:41:17	,	
20260318	,货款收入	,交易货款	,其他	,5098364749832209633	,5098364749832209633	,2026-03-06 11:54:19	,2026-03-18 05:19:38	,884576851638	,	,补差价链接【与客服沟通拍下，单排不发货】	,1	,180	,180	,	,0	,聚合结算账户渠道	,4303602273202603060926913153	,	,2026-03-18 05:19:37	,2026-03-18 05:19:37	,	
20260328	,货款收入	,交易货款	,五金/工具	,2701766895127017971	,2701766895127017971	,2026-03-23 15:42:25	,2026-03-28 19:08:15	,940688973701	,6181653378539|颜色分类#3B5.0A/20V【俩电标配】[EXDZ-20V/5.0JMB-TQ]	,天旗防爆角磨机磨光机手砂轮无刷锂电切割抛光机电动多功能打磨机	,8	,1099	,7032	,	,0	,支付宝	,2026032322001173251431193497	,T200P2701766895127017971	,2026-03-28 19:08:15	,2026-03-28 19:08:15	,	
20260313	,货款收入	,交易货款	,五金/工具	,3287111736095664178	,3287111736095664178	,2026-03-10 09:25:35	,2026-03-13 07:41:07	,965517205874	,6016029152228|颜色分类#3B310N 5.0A/20V【俩电标配+22*42防爆套筒】[YPEX-DBS/5.0CGB-TQ]	,天旗防爆电动扳手套筒无刷大扭力轮胎汽修防爆冲击扳手	,2	,1199	,1708	,	,0	,支付宝	,2026031023001116431404405891	,T200P3287111736095664178	,2026-03-13 07:41:06	,2026-03-13 07:41:06	,	
20260320	,货款收入	,交易货款	,其他	,3285807099707837085	,3285807099707837085	,2026-03-09 18:42:22	,2026-03-20 10:42:48	,884576851638	,	,补差价链接【与客服沟通拍下，单排不发货】	,1	,35	,35	,	,0	,支付宝	,2026030922001169421452047967	,T200P3285807099707837085	,2026-03-20 10:42:47	,2026-03-20 10:42:47	,	
20260314	,货款收入	,交易货款	,五金/工具	,3273777948464457585	,3273777948464457585	,2026-03-03 17:33:31	,2026-03-14 11:19:58	,969718512269	,6015750557573|颜色分类#3B防爆相机基础款[EXSY-2000-P1-TQ]	,天旗 防爆数码相机工业4K高清防抖录像摄影连拍高像素防爆照相机	,1	,999	,799	,	,0	,支付宝	,2026030322001196811438500895	,T200P3273777948464457585	,2026-03-14 11:19:58	,2026-03-14 11:19:58	,	
20260306	,货款收入	,交易货款	,五金/工具	,5078319696920490047	,5078319696920490047	,2026-02-22 08:35:25	,2026-03-06 12:05:12	,941174116084	,6181515206318|颜色分类#3B2.0A/20V 无冲击【一电标配】[EXDZ-20V/TCA-TQ]	,天旗防爆手电钻工业手持无刷锂电化工厂冲击钻防爆电动工具	,3	,999	,2457	,	,0	,支付宝	,2026022223001148611423847464	,T200P5078319696920490047	,2026-03-06 12:05:11	,2026-03-06 12:05:11	,	
20260320	,货款收入	,交易货款	,五金/工具	,3285826034151251684	,3285826034151251684	,2026-03-09 18:41:57	,2026-03-20 10:23:50	,965517205874	,6016029152228|颜色分类#3B310N 5.0A/20V【俩电标配+22*42防爆套筒】[YPEX-DBS/5.0CGB-TQ]	,天旗防爆电动扳手套筒无刷大扭力轮胎汽修防爆冲击扳手	,1	,1199	,849	,	,0	,支付宝	,2026030923001140951445544743	,T200P3285826034151251684	,2026-03-20 10:23:49	,2026-03-20 10:23:49	,	
20260315	,货款收入	,交易货款	,五金/工具	,3275903463740133259	,3275903463740133259	,2026-03-05 04:04:25	,2026-03-15 15:47:21	,965517205874	,6016029152235|颜色分类#3B310N 4.0A/20V 【俩电标配+22*42防爆套筒】[YPEX-DBS/4.0CGB-TQ]	,天旗防爆电动扳手套筒无刷大扭力轮胎汽修防爆冲击扳手	,1	,1099	,829	,	,0	,支付宝	,2026030523001110121452827867	,T200P3275903463740133259	,2026-03-15 15:47:20	,2026-03-15 15:47:20	,	
20260309	,货款收入	,交易货款	,五金/工具	,3261187742224717776	,3261187742224717776	,2026-02-25 18:18:17	,2026-03-06 06:57:54	,965517205874	,6016029152233|颜色分类#3B310N 4.0A/20V 【俩电标配】[YPEX-DBS/4.0CGB-TQ]	,天旗防爆电动扳手套筒无刷大扭力轮胎汽修防爆冲击扳手	,1	,999	,0	,256378371537717677	,760	,聚合结算账户渠道	,4344302590202602257270143497	,	,2026-03-09 17:09:26	,2026-03-09 17:09:26	,	
20260310	,货款收入	,交易货款	,五金/工具	,3275402199017090990	,3275402199017090990	,2026-03-04 19:25:37	,2026-03-10 21:48:38	,965517205874	,6016029152228|颜色分类#3B310N 5.0A/20V【俩电标配+22*42防爆套筒】[YPEX-DBS/5.0CGB-TQ]	,天旗防爆电动扳手套筒无刷大扭力轮胎汽修防爆冲击扳手	,1	,1199	,849	,	,0	,聚合结算账户渠道	,4337002242202603041124501344	,	,2026-03-10 21:48:37	,2026-03-10 21:48:37	,	
20260328	,货款收入	,交易货款	,五金/工具	,2701738454019074861	,2701738454019074861	,2026-03-17 09:07:22	,2026-03-28 09:13:01	,941174116084	,6181515206318|颜色分类#3B2.0A/20V 无冲击【一电标配】[EXDZ-20V/TCA-TQ]	,天旗防爆手电钻工业手持无刷锂电化工厂冲击钻防爆电动工具	,1	,999	,809	,	,0	,支付宝	,2026031722001176841423306913	,T200P2701738454019074861	,2026-03-28 09:13:00	,2026-03-28 09:13:00	,	
20260321	,货款收入	,交易货款	,五金/工具	,2701746915009275071	,2701746915009275071	,2026-03-16 13:51:40	,2026-03-21 08:15:47	,969718512269	,6015750557573|颜色分类#3B防爆相机基础款[EXSY-2000-P1-TQ]	,天旗 防爆数码相机工业4K高清防抖录像摄影连拍高像素防爆照相机	,1	,999	,799	,	,0	,支付宝	,2026031623001104211445383623	,T200P2701746915009275071	,2026-03-21 08:15:47	,2026-03-21 08:15:47	,	
20260321	,货款收入	,交易货款	,其他	,4502115255156038147	,4502115255156038147	,2026-03-11 14:52:05	,2026-03-21 15:59:11	,884576851638	,	,补差价链接【与客服沟通拍下，单排不发货】	,1	,138	,138	,	,0	,聚合结算账户渠道	,4326502582202603115533907933	,	,2026-03-21 15:59:11	,2026-03-21 15:59:11	,	
20260326	,货款收入	,交易货款	,五金/工具	,4502138725021010930	,4502138725021010930	,2026-03-15 08:59:17	,2026-03-26 21:39:55	,941174116084	,6181515206318|颜色分类#3B2.0A/20V 无冲击【一电标配】[EXDZ-20V/TCA-TQ]	,天旗防爆手电钻工业手持无刷锂电化工厂冲击钻防爆电动工具	,1	,999	,819	,	,0	,支付宝	,2026031522001193881458833115	,T200P4502138725021010930	,2026-03-26 21:39:55	,2026-03-26 21:39:55	,	
20260328	,货款收入	,交易货款	,五金/工具	,2701758219022005581	,2701758219022005581	,2026-03-18 00:10:54	,2026-03-28 15:35:43	,965517205874	,6016029152234|颜色分类#3B310N 5.0A/20V 【俩电标配】[YPEX-DBS/5.0CGB-TQ]	,天旗防爆电动扳手套筒无刷大扭力轮胎汽修防爆冲击扳手	,10	,1099	,7800	,	,0	,支付宝	,2026031822001178851433753053	,T200P2701758219022005581	,2026-03-28 15:35:43	,2026-03-28 15:35:43	,	
20260323	,货款收入	,交易货款	,五金/工具	,3289146564209585599	,3289146564209585599	,2026-03-11 11:02:46	,2026-03-23 09:44:27	,969718512269	,6015750557573|颜色分类#3B防爆相机基础款[EXSY-2000-P1-TQ]	,天旗 防爆数码相机工业4K高清防抖录像摄影连拍高像素防爆照相机	,1	,999	,799	,	,0	,聚合结算账户渠道	,4347902281202603110002258093	,	,2026-03-23 09:44:27	,2026-03-23 09:44:27	,	
20260330	,货款收入	,交易货款	,五金/工具	,2701717681038009190	,2701717681038009190	,2026-03-12 14:37:30	,2026-03-30 09:36:42	,965517205874	,6016029152228|颜色分类#3B310N 5.0A/20V【俩电标配+22*42防爆套筒】[YPEX-DBS/5.0CGB-TQ]	,天旗防爆电动扳手套筒无刷大扭力轮胎汽修防爆冲击扳手	,1	,1199	,849	,	,0	,支付宝	,2026031222001172751407573645	,T200P2701717681038009190	,2026-03-30 09:36:42	,2026-03-30 09:36:42	,	
20260322	,货款收入	,交易货款	,五金/工具	,2701753680068018698	,2701753680068018698	,2026-03-19 10:38:35	,2026-03-22 22:19:20	,965517205874	,6042710468094|颜色分类#3B310N 5.0A/20V 【俩电标配+22*60防爆套筒】[YPEX-DBS/5.0CGB-TQ]	,天旗防爆电动扳手套筒无刷大扭力轮胎汽修防爆冲击扳手	,1	,1279	,859	,	,0	,支付宝	,2026031922001191371442769858	,T200P2701753680068018698	,2026-03-22 22:19:19	,2026-03-22 22:19:19	,	
20260301	,货款收入	,交易货款	,五金/工具	,5084773057838790641	,5084773057838790641	,2026-02-26 10:50:43	,2026-03-01 08:39:58	,965517205874	,6016029152235|颜色分类#3B310N 4.0A/20V 【俩电标配+22*43防爆套筒】[YPEX-DBS/4.0CGB-TQ]	,天旗防爆电动扳手套筒无刷大扭力轮胎汽修防爆冲击扳手	,1	,1099	,829	,	,0	,支付宝	,2026022622001173921436649863	,T200P5084773057838790641	,2026-03-01 08:39:57	,2026-03-01 08:39:05	,	
20260308	,货款收入	,交易货款	,五金/工具	,5088139706916633126	,5088139706916633126	,2026-02-28 11:13:38	,2026-03-08 09:37:13	,965517205874	,6016029152231|颜色分类#3B1300N 6A/21V【俩电标配+22*60防爆套筒】[YPEX-DBS/130CGB-TQ]	,天旗防爆电动扳手套筒无刷大扭力轮胎汽修防爆冲击扳手	,1	,3699	,3259	,	,0	,支付宝	,2026022822001196441410792920	,T200P5088139706916633126	,2026-03-08 09:37:12	,2026-03-08 09:37:12	,	
20260330	,货款收入	,交易货款	,五金/工具	,4502194923014004409	,4502194923014004409	,2026-03-20 12:07:57	,2026-03-30 12:41:55	,941174116084	,6181515206321|颜色分类#3B2.0A/20V 有冲击【俩电标配】[EXDZ-20V/TJA-TQ]	,天旗防爆手电钻工业手持无刷锂电化工厂冲击钻防爆电动工具	,1	,1299	,1289	,	,0	,支付宝	,2026032023001151151421930384	,T200P4502194923014004409	,2026-03-30 12:41:55	,2026-03-30 12:41:55	,	
20260319	,货款收入	,交易货款	,其他	,4502109960083002336	,4502109960083002336	,2026-03-09 12:00:15	,2026-03-19 16:45:08	,884576851638	,	,补差价链接【与客服沟通拍下，单排不发货】	,1	,85	,25	,	,0	,支付宝	,2026030922001186801443900672	,T200P4502109960083002336	,2026-03-19 16:45:07	,2026-03-19 16:45:07	,	
20260306	,货款收入	,交易货款	,五金/工具	,3261187742224717776	,3261187742224717776	,2026-02-25 18:18:17	,2026-03-06 06:57:54	,965517205874	,6016029152233|颜色分类#3B310N 4.0A/20V 【俩电标配】[YPEX-DBS/4.0CGB-TQ]	,天旗防爆电动扳手套筒无刷大扭力轮胎汽修防爆冲击扳手	,1	,999	,760	,	,0	,聚合结算账户渠道	,4344302590202602257270143497	,	,2026-03-06 06:57:54	,2026-03-06 06:57:54	,	
20260327	,货款收入	,交易货款	,其他	,4502129115014024837	,4502129115014043201	,2026-03-14 17:55:23	,2026-03-27 14:14:26	,884576851638	,	,补差价链接【与客服沟通拍下，单排不发货】	,1	,35	,34.72	,	,0	,支付宝	,2026031422001157431426076541	,T200P4502129115014024837	,2026-03-27 14:14:26	,2026-03-27 14:14:26	,	
20260327	,货款收入	,交易货款	,五金/工具	,4502129115014024837	,4502129115014034019	,2026-03-14 17:55:23	,2026-03-27 14:14:26	,965517205874	,6016029152228|颜色分类#3B310N 5.0A/20V【俩电标配+22*42防爆套筒】[YPEX-DBS/5.0CGB-TQ]	,天旗防爆电动扳手套筒无刷大扭力轮胎汽修防爆冲击扳手	,1	,1199	,849.28	,	,0	,支付宝	,2026031422001157431426076541	,T200P4502129115014024837	,2026-03-27 14:14:26	,2026-03-27 14:14:26	,	
20260318	,货款收入	,交易货款	,五金/工具	,4502113346248002426	,4502113346248002426	,2026-03-14 09:48:43	,2026-03-18 14:32:04	,965517205874	,6016029152228|颜色分类#3B310N 5.0A/20V【俩电标配+22*42防爆套筒】[YPEX-DBS/5.0CGB-TQ]	,天旗防爆电动扳手套筒无刷大扭力轮胎汽修防爆冲击扳手	,1	,1199	,849	,	,0	,支付宝	,2026031423001136611454690874	,T200P4502113346248002426	,2026-03-18 14:32:04	,2026-03-18 14:32:04	,	
20260326	,货款收入	,交易货款	,五金/工具	,4502157770016007127	,4502157770016007127	,2026-03-16 15:38:52	,2026-03-26 09:45:06	,965517205874	,6016029152228|颜色分类#3B310N 5.0A/20V【俩电标配+22*42防爆套筒】[YPEX-DBS/5.0CGB-TQ]	,天旗防爆电动扳手套筒无刷大扭力轮胎汽修防爆冲击扳手	,1	,1199	,849	,	,0	,支付宝	,2026031623001143921406443276	,T200P4502157770016007127	,2026-03-26 09:45:06	,2026-03-26 09:45:06	,	
20260331	,货款收入	,交易货款	,五金/工具	,2701753466056011694	,2701753466056011694	,2026-03-19 12:56:53	,2026-03-31 09:33:17	,965517205874	,6016029152234|颜色分类#3B310N 5.0A/20V 【俩电标配】[YPEX-DBS/5.0CGB-TQ]	,天旗防爆电动扳手套筒无刷大扭力轮胎汽修防爆冲击扳手	,3	,1099	,2360	,	,0	,聚合结算账户渠道	,4346502247202603192613819519	,	,2026-03-31 09:33:16	,2026-03-31 09:33:16	,	
20260308	,货款收入	,交易货款	,五金/工具	,5096849007079104420	,5096849007079104420	,2026-03-05 15:02:34	,2026-03-08 17:34:15	,965517205874	,6016029152228|颜色分类#3B310N 5.0A/20V【俩电标配+22*42防爆套筒】[YPEX-DBS/5.0CGB-TQ]	,天旗防爆电动扳手套筒无刷大扭力轮胎汽修防爆冲击扳手	,2	,1199	,1698	,	,0	,支付宝	,2026030523001105171408622160	,T200P5096849007079104420	,2026-03-08 17:34:14	,2026-03-08 17:34:14	,	
20260301	,货款收入	,交易货款	,五金/工具	,3259543729792591871	,3259543729792591871	,2026-02-24 17:19:35	,2026-03-01 11:54:02	,937006851899	,6182111287814|颜色分类#3B310N 5.0A/20V【俩电标配+22*43防爆套筒】[YPEX-DBS/5.0CGB-TQ]	,天旗防爆电动扳手化工厂石油套筒无刷大扭力轮胎汽修防爆电动工具	,1	,1199	,1189	,	,0	,支付宝	,2026022422001183401416630036	,T200P3259543729792591871	,2026-03-01 11:54:02	,2026-03-01 11:54:00	,	
20260321	,货款收入	,交易货款	,五金/工具	,4502123966121053144	,4502123966121053144	,2026-03-10 18:04:01	,2026-03-21 15:57:33	,941174116084	,6181515206320|颜色分类#3B2.0A/20V 无冲击【俩电标配】[EXDZ-20V/TCA-TQ]	,天旗防爆手电钻工业手持无刷锂电化工厂冲击钻防爆电动工具	,1	,1199	,1009	,	,0	,支付宝	,2026031023001110591434253644	,T200P4502123966121053144	,2026-03-21 15:57:33	,2026-03-21 15:57:33	,	
20260321	,货款收入	,交易货款	,五金/工具	,4502121411025022139	,4502121411025022139	,2026-03-11 15:22:10	,2026-03-21 15:45:57	,965517205874	,6016029152228|颜色分类#3B310N 5.0A/20V【俩电标配+22*42防爆套筒】[YPEX-DBS/5.0CGB-TQ]	,天旗防爆电动扳手套筒无刷大扭力轮胎汽修防爆冲击扳手	,1	,1199	,849	,	,0	,聚合结算账户渠道	,4347202580202603113047113912	,	,2026-03-21 15:45:57	,2026-03-21 15:45:57	,	
20260315	,货款收入	,交易货款	,五金/工具	,3276862069917348252	,3276862069917348252	,2026-03-05 11:55:56	,2026-03-15 16:34:00	,965517205874	,6016029152228|颜色分类#3B310N 5.0A/20V【俩电标配+22*42防爆套筒】[YPEX-DBS/5.0CGB-TQ]	,天旗防爆电动扳手套筒无刷大扭力轮胎汽修防爆冲击扳手	,1	,1199	,849	,	,0	,聚合结算账户渠道	,4320802463202603050739840737	,	,2026-03-15 16:34:00	,2026-03-15 16:34:00	,	
20260313	,货款收入	,交易货款	,五金/工具	,3272996570154911959	,3272996570154911959	,2026-03-03 15:24:10	,2026-03-13 16:18:25	,941174116084	,6181515206321|颜色分类#3B2.0A/20V 有冲击【俩电标配】[EXDZ-20V/TJA-TQ]	,天旗防爆手电钻工业手持无刷锂电化工厂冲击钻防爆电动工具	,2	,1299	,2248	,	,0	,支付宝	,2026030323001135131432211094	,T200P3272996570154911959	,2026-03-13 16:18:25	,2026-03-13 16:18:25	,	
20260328	,货款收入	,交易货款	,其他	,4502148123013094215	,4502148123013094215	,2026-03-16 13:54:14	,2026-03-28 09:06:16	,884576851638	,	,补差价链接【与客服沟通拍下，单排不发货】	,1	,1020	,1020	,	,0	,支付宝	,2026031623001134561435702586	,T200P4502148123013094215	,2026-03-28 09:06:15	,2026-03-28 09:06:15	,	
20260320	,货款收入	,交易货款	,五金/工具	,2701742772023018698	,2701742772023018698	,2026-03-17 10:10:46	,2026-03-20 19:08:02	,965517205874	,6042710468094|颜色分类#3B310N 5.0A/20V 【俩电标配+22*60防爆套筒】[YPEX-DBS/5.0CGB-TQ]	,天旗防爆电动扳手套筒无刷大扭力轮胎汽修防爆冲击扳手	,1	,1279	,859	,	,0	,支付宝	,2026031722001191371436806893	,T200P2701742772023018698	,2026-03-20 19:08:02	,2026-03-20 19:08:02	,	
20260310	,货款收入	,交易货款	,五金/工具	,5086090299662059949	,5086090299662059949	,2026-02-27 10:24:09	,2026-03-10 16:48:26	,941174116084	,6181515206321|颜色分类#3B2.0A/20V 有冲击【俩电标配】[EXDZ-20V/TJA-TQ]	,天旗防爆手电钻工业手持无刷锂电化工厂冲击钻防爆电动工具	,12	,1299	,11990.92	,	,0	,支付宝	,2026022722001182261410611716	,T200P5086090299662059949	,2026-03-10 16:48:25	,2026-03-10 16:48:25	,	
20260329	,货款收入	,交易货款	,五金/工具	,4502185452044002133	,4502185452044002133	,2026-03-20 17:29:49	,2026-03-29 19:24:58	,941179280898	,6017078385833|颜色分类#3B4.0A/20V【俩电标配】[EXDC-20V/4.0TJB-TQ]	,天旗防爆电锤工业多功能混凝土大功率冲击钻防爆电动工具	,1	,1099	,949	,	,0	,支付宝	,2026032023001124271419262410	,T200P4502185452044002133	,2026-03-29 19:24:58	,2026-03-29 19:24:58	,	
20260329	,货款收入	,交易货款	,五金/工具	,5094516960305490047	,5094516960305490047	,2026-03-03 17:55:03	,2026-03-29 11:20:40	,965517205874	,6016029152228|颜色分类#3B310N 5.0A/20V【俩电标配+22*42防爆套筒】[YPEX-DBS/5.0CGB-TQ]	,天旗防爆电动扳手套筒无刷大扭力轮胎汽修防爆冲击扳手	,2	,1199	,1698	,	,0	,支付宝	,2026030323001148611401167599	,T200P5094516960305490047	,2026-03-29 11:20:40	,2026-03-29 11:20:40	,	
20260324	,货款收入	,交易货款	,五金/工具	,4502115360259004418	,4502115360259004418	,2026-03-14 12:44:08	,2026-03-24 18:42:08	,965517205874	,6016029152228|颜色分类#3B310N 5.0A/20V【俩电标配+22*42防爆套筒】[YPEX-DBS/5.0CGB-TQ]	,天旗防爆电动扳手套筒无刷大扭力轮胎汽修防爆冲击扳手	,1	,1199	,849	,	,0	,聚合结算账户渠道	,4325002481202603145407244969	,	,2026-03-24 18:42:07	,2026-03-24 18:42:07	,	
20260327	,货款收入	,交易货款	,五金/工具	,2701732261012018286	,2701732261012018286	,2026-03-14 21:01:01	,2026-03-27 14:20:12	,965517205874	,6016029152230|颜色分类#3B900N 7.5A/21V【俩电标配+22*60防爆套筒】[YPEX-DBS/90CGB-TQ]	,天旗防爆电动扳手套筒无刷大扭力轮胎汽修防爆冲击扳手	,2	,2999	,5348	,	,0	,支付宝	,2026031422001153171431186927	,T200P2701732261012018286	,2026-03-27 14:20:11	,2026-03-27 14:20:11	,	
20260322	,货款收入	,交易货款	,五金/工具	,4502127278180008337	,4502127278180008337	,2026-03-12 10:32:23	,2026-03-22 11:23:32	,965517205874	,6016029152228|颜色分类#3B310N 5.0A/20V【俩电标配+22*42防爆套筒】[YPEX-DBS/5.0CGB-TQ]	,天旗防爆电动扳手套筒无刷大扭力轮胎汽修防爆冲击扳手	,1	,1199	,849	,	,0	,聚合结算账户渠道	,4351102244202603126214647580	,	,2026-03-22 11:23:32	,2026-03-22 11:23:32	,	
20260322	,货款收入	,交易货款	,五金/工具	,4502119359153033336	,4502119359153033336	,2026-03-11 21:43:23	,2026-03-22 10:31:24	,965517205874	,6016029152235|颜色分类#3B310N 4.0A/20V 【俩电标配+22*42防爆套筒】[YPEX-DBS/4.0CGB-TQ]	,天旗防爆电动扳手套筒无刷大扭力轮胎汽修防爆冲击扳手	,1	,1099	,829	,	,0	,聚合结算账户渠道	,4337302583202603115329661416	,	,2026-03-22 10:31:24	,2026-03-22 10:31:24	,	
20260320	,货款收入	,交易货款	,五金/工具	,4502119609089106427	,4502119609089106427	,2026-03-09 19:26:08	,2026-03-20 10:47:30	,941174116084	,6181515206318|颜色分类#3B2.0A/20V 无冲击【一电标配】[EXDZ-20V/TCA-TQ]	,天旗防爆手电钻工业手持无刷锂电化工厂冲击钻防爆电动工具	,2	,999	,1638	,	,0	,支付宝	,2026030923001141821447515936	,T200P4502119609089106427	,2026-03-20 10:47:29	,2026-03-20 10:47:29	,	
20260312	,货款收入	,交易货款	,五金/工具	,3267139836710646694	,3267139836710646694	,2026-02-28 12:51:03	,2026-03-12 10:14:23	,937006851899	,6182111287816|颜色分类#3B900N 7.5A/21V【俩电标配+22*60防爆套筒】[YPEX-DBS/90CGB-TQ]	,天旗防爆电动扳手化工厂石油套筒无刷大扭力轮胎汽修防爆电动工具	,2	,2999	,5308	,	,0	,支付宝	,2026022822001153171420773938	,T200P3267139836710646694	,2026-03-12 10:14:22	,2026-03-12 10:14:22	,	
20260326	,货款收入	,交易货款	,五金/工具	,2701723656019077684	,2701723656019077684	,2026-03-15 14:33:29	,2026-03-26 11:23:13	,969718512269	,6015750557573|颜色分类#3B防爆相机基础款[EXSY-2000-P1-TQ]	,天旗 防爆数码相机工业4K高清防抖录像摄影连拍高像素防爆照相机	,1	,999	,799	,	,0	,支付宝	,2026031522001171991414833652	,T200P2701723656019077684	,2026-03-26 11:23:13	,2026-03-26 11:23:13	,	
20260330	,货款收入	,交易货款	,五金/工具	,3267704317790723490	,3267704317790723490	,2026-02-28 18:22:33	,2026-03-30 16:05:59	,965517205874	,6016029152228|颜色分类#3B310N 5.0A/20V【俩电标配+22*42防爆套筒】[YPEX-DBS/5.0CGB-TQ]	,天旗防爆电动扳手套筒无刷大扭力轮胎汽修防爆冲击扳手	,1	,1199	,849	,	,0	,聚合结算账户渠道	,4311102261202602287268029176	,	,2026-03-30 16:05:59	,2026-03-30 16:05:59	,	
